Serial Episode, Thumbnail Link, Video Link, Genre
Episode - 266,https://raw.githubusercontent.com/pravanjam/TamilSerialz/master/NoPic.jpg,plugin://plugin.video.dailymotion_com/?url=x74be6n&mode=playVideo,Naam Iruvar Namku Iruvar
Episode - 265,https://raw.githubusercontent.com/pravanjam/TamilSerialz/master/NoPic.jpg,plugin://plugin.video.dailymotion_com/?url=k33T0zgb7yFyj1t8bdx&mode=playVideo,Naam Iruvar Namku Iruvar
Episode - 264,https://raw.githubusercontent.com/pravanjam/TamilSerialz/master/NoPic.jpg,plugin://plugin.video.dailymotion_com/?url=k5l0GgvlvKOBxnt7Opb&mode=playVideo,Naam Iruvar Namku Iruvar
Episode - 263,https://raw.githubusercontent.com/pravanjam/TamilSerialz/master/NoPic.jpg,plugin://plugin.video.dailymotion_com/?url=k2DWsmWA3YxqK1t7i62&mode=playVideo,Naam Iruvar Namku Iruvar
Episode - 262,https://raw.githubusercontent.com/pravanjam/TamilSerialz/master/NoPic.jpg,plugin://plugin.video.dailymotion_com/?url=k7CFk4lR938SIYt6JK0&mode=playVideo,Naam Iruvar Namku Iruvar
Episode - 261,https://raw.githubusercontent.com/pravanjam/TamilSerialz/master/NoPic.jpg,plugin://plugin.video.dailymotion_com/?url=k7eoGhZ9wHtp81t6aQ2&mode=playVideo,Naam Iruvar Namku Iruvar
Episode - 260,https://raw.githubusercontent.com/pravanjam/TamilSerialz/master/NoPic.jpg,plugin://plugin.video.dailymotion_com/?url=k6W5o2ggNAeyWBt54gJ&mode=playVideo,Naam Iruvar Namku Iruvar
Episode - 259,https://raw.githubusercontent.com/pravanjam/TamilSerialz/master/NoPic.jpg,plugin://plugin.video.dailymotion_com/?url=kA09J9BBpHReHJt4F40&mode=playVideo,Naam Iruvar Namku Iruvar
Episode - 258,https://raw.githubusercontent.com/pravanjam/TamilSerialz/master/NoPic.jpg,plugin://plugin.video.dailymotion_com/?url=kuVp0NeAwsULInt46Vg&mode=playVideo,Naam Iruvar Namku Iruvar
Episode - 257,https://raw.githubusercontent.com/pravanjam/TamilSerialz/master/NoPic.jpg,plugin://plugin.video.dailymotion_com/?url=k3N402fycjVS6ft3z06&mode=playVideo,Naam Iruvar Namku Iruvar
Episode - 256,https://raw.githubusercontent.com/pravanjam/TamilSerialz/master/NoPic.jpg,plugin://plugin.video.dailymotion_com/?url=k1ltvEpQi4r92Wt38AN&mode=playVideo,Naam Iruvar Namku Iruvar
Episode - 255,https://raw.githubusercontent.com/pravanjam/TamilSerialz/master/NoPic.jpg,plugin://plugin.video.dailymotion_com/?url=k1P4oLNmjsLNyZt2Frq&mode=playVideo,Naam Iruvar Namku Iruvar
Episode - 254,https://raw.githubusercontent.com/pravanjam/TamilSerialz/master/NoPic.jpg,plugin://plugin.video.dailymotion_com/?url=x73ezmz&mode=playVideo,Naam Iruvar Namku Iruvar
Episode - 253,https://raw.githubusercontent.com/pravanjam/TamilSerialz/master/NoPic.jpg,plugin://plugin.video.dailymotion_com/?url=k3ouZA1atbwYMYt1qiU&mode=playVideo,Naam Iruvar Namku Iruvar
Episode - 252,https://raw.githubusercontent.com/pravanjam/TamilSerialz/master/NoPic.jpg,plugin://plugin.video.dailymotion_com/?url=k2vrrSfFBEb3Xht0ve7&mode=playVideo,Naam Iruvar Namku Iruvar
Episode - 251,https://raw.githubusercontent.com/pravanjam/TamilSerialz/master/NoPic.jpg,plugin://plugin.video.dailymotion_com/?url=k1nJdDdhDd3eDyt0cj6&mode=playVideo,Naam Iruvar Namku Iruvar
Episode - 250,https://raw.githubusercontent.com/pravanjam/TamilSerialz/master/NoPic.jpg,plugin://plugin.video.dailymotion_com/?url=k7DtrGmQaPvyFvsZMLM&mode=playVideo,Naam Iruvar Namku Iruvar
Episode - 249,https://raw.githubusercontent.com/pravanjam/TamilSerialz/master/NoPic.jpg,plugin://plugin.video.dailymotion_com/?url=kBC813kOvfAGIosZpph&mode=playVideo,Naam Iruvar Namku Iruvar
Episode - 248,https://raw.githubusercontent.com/pravanjam/TamilSerialz/master/NoPic.jpg,plugin://plugin.video.dailymotion_com/?url=x72wx02&mode=playVideo,Naam Iruvar Namku Iruvar
Episode - 247,https://raw.githubusercontent.com/pravanjam/TamilSerialz/master/NoPic.jpg,plugin://plugin.video.dailymotion_com/?url=k2UpNRhZSJzrU1sYkwO&mode=playVideo,Naam Iruvar Namku Iruvar
Episode - 246,https://raw.githubusercontent.com/pravanjam/TamilSerialz/master/NoPic.jpg,plugin://plugin.video.dailymotion_com/?url=k48CfGZQbusTvysXHOi&mode=playVideo,Naam Iruvar Namku Iruvar
Episode - 245,https://raw.githubusercontent.com/pravanjam/TamilSerialz/master/NoPic.jpg,plugin://plugin.video.dailymotion_com/?url=k4y6DmxjRkYuKqsXrop&mode=playVideo,Naam Iruvar Namku Iruvar
Episode - 244,https://raw.githubusercontent.com/pravanjam/TamilSerialz/master/NoPic.jpg,plugin://plugin.video.dailymotion_com/?url=k4yQfbDfv4y6bjsWYtA&mode=playVideo,Naam Iruvar Namku Iruvar
Episode - 243,https://raw.githubusercontent.com/pravanjam/TamilSerialz/master/NoPic.jpg,plugin://plugin.video.dailymotion_com/?url=kE4MWk8jqK2D32sWxcS&mode=playVideo,Naam Iruvar Namku Iruvar
Episode - 242,https://raw.githubusercontent.com/pravanjam/TamilSerialz/master/NoPic.jpg,plugin://plugin.video.dailymotion_com/?url=k4SlUG2ikUoMKTsVLjW&mode=playVideo,Naam Iruvar Namku Iruvar
Episode - 241,https://raw.githubusercontent.com/pravanjam/TamilSerialz/master/NoPic.jpg,plugin://plugin.video.dailymotion_com/?url=k1EdGjcQROSswBsVrfA&mode=playVideo,Naam Iruvar Namku Iruvar
Episode - 240,https://raw.githubusercontent.com/pravanjam/TamilSerialz/master/NoPic.jpg,plugin://plugin.video.dailymotion_com/?url=k1aX2ExWPQBwSssV426&mode=playVideo,Naam Iruvar Namku Iruvar
Episode - 239,https://raw.githubusercontent.com/pravanjam/TamilSerialz/master/NoPic.jpg,plugin://plugin.video.dailymotion_com/?url=k1y3qaT0GhUcYbsUFu2&mode=playVideo,Naam Iruvar Namku Iruvar
Episode - 238,https://raw.githubusercontent.com/pravanjam/TamilSerialz/master/NoPic.jpg,plugin://plugin.video.dailymotion_com/?url=k3rKsNErxp5uHrsUkbI&mode=playVideo,Naam Iruvar Namku Iruvar
Episode - 237,https://raw.githubusercontent.com/pravanjam/TamilSerialz/master/NoPic.jpg,plugin://plugin.video.dailymotion_com/?url=k4z6yKds1s5gCBsTNkx&mode=playVideo,Naam Iruvar Namku Iruvar
Episode - 236,https://raw.githubusercontent.com/pravanjam/TamilSerialz/master/NoPic.jpg,plugin://plugin.video.dailymotion_com/?url=k11Ec8uqy9fsN4sT18y&mode=playVideo,Naam Iruvar Namku Iruvar
Episode - 235,https://raw.githubusercontent.com/pravanjam/TamilSerialz/master/NoPic.jpg,plugin://plugin.video.dailymotion_com/?url=k6i7vBIdIuiDPqsSEM5&mode=playVideo,Naam Iruvar Namku Iruvar
Episode - 234,https://raw.githubusercontent.com/pravanjam/TamilSerialz/master/NoPic.jpg,plugin://plugin.video.dailymotion_com/?url=k5UHGJegPttyzosSm7M&mode=playVideo,Naam Iruvar Namku Iruvar
Episode - 233,https://raw.githubusercontent.com/pravanjam/TamilSerialz/master/NoPic.jpg,plugin://plugin.video.dailymotion_com/?url=k4duXfU70sFjKfsRXle&mode=playVideo,Naam Iruvar Namku Iruvar
Episode - 232,https://raw.githubusercontent.com/pravanjam/TamilSerialz/master/NoPic.jpg,plugin://plugin.video.dailymotion_com/?url=k6JnvRgYNRk38JsRtIg&mode=playVideo,Naam Iruvar Namku Iruvar
Episode - 231,https://raw.githubusercontent.com/pravanjam/TamilSerialz/master/NoPic.jpg,plugin://plugin.video.dailymotion_com/?url=k4khZTiYJn1M1esR61m&mode=playVideo,Naam Iruvar Namku Iruvar
Episode - 230,https://raw.githubusercontent.com/pravanjam/TamilSerialz/master/NoPic.jpg,plugin://plugin.video.dailymotion_com/?url=k6wPyBTXx1s6r9sQf4H&mode=playVideo,Naam Iruvar Namku Iruvar
Episode - 229,https://raw.githubusercontent.com/pravanjam/TamilSerialz/master/NoPic.jpg,plugin://plugin.video.dailymotion_com/?url=k2Wa1wgdT7ap1csPTe3&mode=playVideo,Naam Iruvar Namku Iruvar
Episode - 228,https://raw.githubusercontent.com/pravanjam/TamilSerialz/master/NoPic.jpg,plugin://plugin.video.dailymotion_com/?url=k5Du9cF2CB2qxnsPxKr&mode=playVideo,Naam Iruvar Namku Iruvar
Episode - 227,https://raw.githubusercontent.com/pravanjam/TamilSerialz/master/NoPic.jpg,plugin://plugin.video.dailymotion_com/?url=k6rJO3uvGjp6kysPbkG&mode=playVideo,Naam Iruvar Namku Iruvar
Episode - 226,https://raw.githubusercontent.com/pravanjam/TamilSerialz/master/NoPic.jpg,plugin://plugin.video.dailymotion_com/?url=k1H5YsGPKHNg8csOJkT&mode=playVideo,Naam Iruvar Namku Iruvar
Episode - 225,https://raw.githubusercontent.com/pravanjam/TamilSerialz/master/NoPic.jpg,plugin://plugin.video.dailymotion_com/?url=x71efcl&mode=playVideo,Naam Iruvar Namku Iruvar
Episode - 224,https://raw.githubusercontent.com/pravanjam/TamilSerialz/master/NoPic.jpg,plugin://plugin.video.dailymotion_com/?url=k3TTbe7QcBN1yFsNpdm&mode=playVideo,Naam Iruvar Namku Iruvar
Episode - 223,https://raw.githubusercontent.com/pravanjam/TamilSerialz/master/NoPic.jpg,plugin://plugin.video.dailymotion_com/?url=k6KcGmxuBSduVusN9aF&mode=playVideo,Naam Iruvar Namku Iruvar
Episode - 222,https://raw.githubusercontent.com/pravanjam/TamilSerialz/master/NoPic.jpg,plugin://plugin.video.dailymotion_com/?url=k72aOXsgoAGfcesMLzd&mode=playVideo,Naam Iruvar Namku Iruvar
Episode - 221,https://raw.githubusercontent.com/pravanjam/TamilSerialz/master/NoPic.jpg,plugin://plugin.video.dailymotion_com/?url=k1rXPrE89FaA0usMcMw&mode=playVideo,Naam Iruvar Namku Iruvar
Episode - 220,https://raw.githubusercontent.com/pravanjam/TamilSerialz/master/NoPic.jpg,plugin://plugin.video.dailymotion_com/?url=k7wHjHKHw9VGqXsLMdG&mode=playVideo,Naam Iruvar Namku Iruvar
Episode - 219,https://raw.githubusercontent.com/pravanjam/TamilSerialz/master/NoPic.jpg,plugin://plugin.video.dailymotion_com/?url=k3kKJbDYaWwcKwsLm5j&mode=playVideo,Naam Iruvar Namku Iruvar
Episode - 218,https://raw.githubusercontent.com/pravanjam/TamilSerialz/master/NoPic.jpg,plugin://plugin.video.dailymotion_com/?url=k5o3XT6rQWVgZpsKDt5&mode=playVideo,Naam Iruvar Namku Iruvar
Episode - 217,https://raw.githubusercontent.com/pravanjam/TamilSerialz/master/NoPic.jpg,plugin://plugin.video.dailymotion_com/?url=k5aIQSuILkgm5osKiou&mode=playVideo,Naam Iruvar Namku Iruvar
Episode - 216,https://raw.githubusercontent.com/pravanjam/TamilSerialz/master/NoPic.jpg,plugin://plugin.video.dailymotion_com/?url=k4R5FGQCYHwO1EsJOO3&mode=playVideo,Naam Iruvar Namku Iruvar
Episode - 215,https://raw.githubusercontent.com/pravanjam/TamilSerialz/master/NoPic.jpg,plugin://plugin.video.dailymotion_com/?url=k5p0AqhZDooDCysJpng&mode=playVideo,Naam Iruvar Namku Iruvar
Episode - 214,https://raw.githubusercontent.com/pravanjam/TamilSerialz/master/NoPic.jpg,plugin://plugin.video.dailymotion_com/?url=k2GQTU4TyQ3sl7sJ04f&mode=playVideo,Naam Iruvar Namku Iruvar
Episode - 213,https://raw.githubusercontent.com/pravanjam/TamilSerialz/master/NoPic.jpg,plugin://plugin.video.dailymotion_com/?url=k3AnToMt5SE5OOsIzUU&mode=playVideo,Naam Iruvar Namku Iruvar
Episode - 212,https://raw.githubusercontent.com/pravanjam/TamilSerialz/master/NoPic.jpg,plugin://plugin.video.dailymotion_com/?url=k1Il8kvqZa5SgSsHM4D&mode=playVideo,Naam Iruvar Namku Iruvar
Episode - 211,https://raw.githubusercontent.com/pravanjam/TamilSerialz/master/NoPic.jpg,plugin://plugin.video.dailymotion_com/?url=k7oT5FSMw69LwvsHnio&mode=playVideo,Naam Iruvar Namku Iruvar
Episode - 210,https://raw.githubusercontent.com/pravanjam/TamilSerialz/master/NoPic.jpg,plugin://plugin.video.dailymotion_com/?url=kDCRafHmJGnxX8sGYiv&mode=playVideo,Naam Iruvar Namku Iruvar
Episode - 209,https://raw.githubusercontent.com/pravanjam/TamilSerialz/master/NoPic.jpg,plugin://plugin.video.dailymotion_com/?url=k28iqRAnRLfjfzsGvuF&mode=playVideo,Naam Iruvar Namku Iruvar
Episode - 208,https://raw.githubusercontent.com/pravanjam/TamilSerialz/master/NoPic.jpg,plugin://plugin.video.dailymotion_com/?url=k7n7MdL8DJjViosG45Z&mode=playVideo,Naam Iruvar Namku Iruvar
Episode - 207,https://raw.githubusercontent.com/pravanjam/TamilSerialz/master/NoPic.jpg,plugin://plugin.video.dailymotion_com/?url=k6c21YWLGXhHm9sFBCP&mode=playVideo,Naam Iruvar Namku Iruvar
Episode - 206,https://raw.githubusercontent.com/pravanjam/TamilSerialz/master/NoPic.jpg,plugin://plugin.video.dailymotion_com/?url=kTRvSdHSyQ5AJPsERY6&mode=playVideo,Naam Iruvar Namku Iruvar
Episode - 205,https://raw.githubusercontent.com/pravanjam/TamilSerialz/master/NoPic.jpg,plugin://plugin.video.dailymotion_com/?url=khrY7zS15fmot2sEtm3&mode=playVideo,Naam Iruvar Namku Iruvar
Episode - 204,https://raw.githubusercontent.com/pravanjam/TamilSerialz/master/NoPic.jpg,plugin://plugin.video.dailymotion_com/?url=k1RxdoPpkWhKwGsE7lL&mode=playVideo,Naam Iruvar Namku Iruvar
Episode - 203,https://raw.githubusercontent.com/pravanjam/TamilSerialz/master/NoPic.jpg,plugin://plugin.video.dailymotion_com/?url=k4Go7tItm7gPOIsDgPD&mode=playVideo,Naam Iruvar Namku Iruvar
Episode - 202,https://raw.githubusercontent.com/pravanjam/TamilSerialz/master/NoPic.jpg,plugin://plugin.video.dailymotion_com/?url=k3f4fRXt5yw3jGsCV5z&mode=playVideo,Naam Iruvar Namku Iruvar
Episode - 201,https://raw.githubusercontent.com/pravanjam/TamilSerialz/master/NoPic.jpg,plugin://plugin.video.dailymotion_com/?url=k2RdQcvVGfUlRqsCB4G&mode=playVideo,Naam Iruvar Namku Iruvar
Episode - 200,https://raw.githubusercontent.com/pravanjam/TamilSerialz/master/NoPic.jpg,plugin://plugin.video.dailymotion_com/?url=kGpSP4xmHzTixWsBX7k&mode=playVideo,Naam Iruvar Namku Iruvar
Episode - 199,https://raw.githubusercontent.com/pravanjam/TamilSerialz/master/NoPic.jpg,plugin://plugin.video.dailymotion_com/?url=k1y3HVtLCB8jjOsBwZS&mode=playVideo,Naam Iruvar Namku Iruvar
Episode - 198,https://raw.githubusercontent.com/pravanjam/TamilSerialz/master/NoPic.jpg,plugin://plugin.video.dailymotion_com/?url=k2no11zT5oI7iosBeKQ&mode=playVideo,Naam Iruvar Namku Iruvar
Episode - 197,https://raw.githubusercontent.com/pravanjam/TamilSerialz/master/NoPic.jpg,plugin://plugin.video.dailymotion_com/?url=k2cj6qVVvLvZwosAS8y&mode=playVideo,Naam Iruvar Namku Iruvar
Episode - 196,https://raw.githubusercontent.com/pravanjam/TamilSerialz/master/NoPic.jpg,plugin://plugin.video.dailymotion_com/?url=k6hAAVJlsbD4GrsAxp8&mode=playVideo,Naam Iruvar Namku Iruvar
Episode - 195,https://raw.githubusercontent.com/pravanjam/TamilSerialz/master/NoPic.jpg,plugin://plugin.video.dailymotion_com/?url=k3EeehNYE6Z5LPsAebP&mode=playVideo,Naam Iruvar Namku Iruvar
Episode - 194,https://raw.githubusercontent.com/pravanjam/TamilSerialz/master/NoPic.jpg,plugin://plugin.video.dailymotion_com/?url=kYf2j3QYD8cq1oszC7k&mode=playVideo,Naam Iruvar Namku Iruvar
Episode - 193,https://raw.githubusercontent.com/pravanjam/TamilSerialz/master/NoPic.jpg,plugin://plugin.video.dailymotion_com/?url=k2iJMEe4F4eQlAszhlA&mode=playVideo,Naam Iruvar Namku Iruvar
Episode - 192,https://raw.githubusercontent.com/pravanjam/TamilSerialz/master/NoPic.jpg,plugin://plugin.video.dailymotion_com/?url=k5UTP3DgEhMUOysyWCw&mode=playVideo,Naam Iruvar Namku Iruvar
Episode - 191,https://raw.githubusercontent.com/pravanjam/TamilSerialz/master/NoPic.jpg,plugin://plugin.video.dailymotion_com/?url=kPalFDASm6qyTcsyt1a&mode=playVideo,Naam Iruvar Namku Iruvar
Episode - 190,https://raw.githubusercontent.com/pravanjam/TamilSerialz/master/NoPic.jpg,plugin://plugin.video.dailymotion_com/?url=k2Dd9qzf8Amreasy4Hg&mode=playVideo,Naam Iruvar Namku Iruvar
Episode - 189,https://raw.githubusercontent.com/pravanjam/TamilSerialz/master/NoPic.jpg,plugin://plugin.video.dailymotion_com/?url=k7m7EOdrYSwwx5sxHaD&mode=playVideo,Naam Iruvar Namku Iruvar
Episode - 188,https://raw.githubusercontent.com/pravanjam/TamilSerialz/master/NoPic.jpg,plugin://plugin.video.dailymotion_com/?url=kMo0m4nFG2ANPFswJdU&mode=playVideo,Naam Iruvar Namku Iruvar
Episode - 187,https://raw.githubusercontent.com/pravanjam/TamilSerialz/master/NoPic.jpg,plugin://plugin.video.dailymotion_com/?url=k1yUojLXC86SA0swk5d&mode=playVideo,Naam Iruvar Namku Iruvar
Episode - 186,https://raw.githubusercontent.com/pravanjam/TamilSerialz/master/NoPic.jpg,plugin://plugin.video.dailymotion_com/?url=k65Gr0tXjQXJKmsvSxn&mode=playVideo,Naam Iruvar Namku Iruvar
Episode - 185,https://raw.githubusercontent.com/pravanjam/TamilSerialz/master/NoPic.jpg,plugin://plugin.video.dailymotion_com/?url=k47lPzhd1WLRM0svsaQ&mode=playVideo,Naam Iruvar Namku Iruvar
Episode - 184,https://raw.githubusercontent.com/pravanjam/TamilSerialz/master/NoPic.jpg,plugin://plugin.video.dailymotion_com/?url=k5NypgKGIqVXeHsuZx9&mode=playVideo,Naam Iruvar Namku Iruvar
Episode - 182,https://raw.githubusercontent.com/pravanjam/TamilSerialz/master/NoPic.jpg,plugin://plugin.video.dailymotion_com/?url=kWBG5UhEIEXM7estsMd&mode=playVideo,Naam Iruvar Namku Iruvar
Episode - 181,https://raw.githubusercontent.com/pravanjam/TamilSerialz/master/NoPic.jpg,plugin://plugin.video.dailymotion_com/?url=k4aEronBa0tdwost0bY&mode=playVideo,Naam Iruvar Namku Iruvar
Episode - 180,https://raw.githubusercontent.com/pravanjam/TamilSerialz/master/NoPic.jpg,plugin://plugin.video.dailymotion_com/?url=k5Nvxfds437n8essqVK&mode=playVideo,Naam Iruvar Namku Iruvar
Episode - 179,https://raw.githubusercontent.com/pravanjam/TamilSerialz/master/NoPic.jpg,plugin://plugin.video.dailymotion_com/?url=k3xQ1DhUkTwqgysrXFm&mode=playVideo,Naam Iruvar Namku Iruvar
Episode - 178,https://raw.githubusercontent.com/pravanjam/TamilSerialz/master/NoPic.jpg,plugin://plugin.video.dailymotion_com/?url=k4ksXyoM4l552KsqM6e&mode=playVideo,Naam Iruvar Namku Iruvar
Episode - 177,https://raw.githubusercontent.com/pravanjam/TamilSerialz/master/NoPic.jpg,plugin://plugin.video.dailymotion_com/?url=k6Acn4L0eP0pL1sqogY&mode=playVideo,Naam Iruvar Namku Iruvar
Episode - 176,https://raw.githubusercontent.com/pravanjam/TamilSerialz/master/NoPic.jpg,plugin://plugin.video.dailymotion_com/?url=k4weolIHwo0YkJsq2wb&mode=playVideo,Naam Iruvar Namku Iruvar
Episode - 175,https://raw.githubusercontent.com/pravanjam/TamilSerialz/master/NoPic.jpg,plugin://plugin.video.dailymotion_com/?url=koMhiNN7A8aC22sptvF&mode=playVideo,Naam Iruvar Namku Iruvar
Episode - 174,https://raw.githubusercontent.com/pravanjam/TamilSerialz/master/NoPic.jpg,plugin://plugin.video.dailymotion_com/?url=kjmacggkQqWZaOsoXWL&mode=playVideo,Naam Iruvar Namku Iruvar
Episode - 173,https://raw.githubusercontent.com/pravanjam/TamilSerialz/master/NoPic.jpg,plugin://plugin.video.dailymotion_com/?url=k4ZfOGuZPSsaxesnH9b&mode=playVideo,Naam Iruvar Namku Iruvar
Episode - 172,https://raw.githubusercontent.com/pravanjam/TamilSerialz/master/NoPic.jpg,plugin://plugin.video.dailymotion_com/?url=k7dniWNfwErNASsngzk&mode=playVideo,Naam Iruvar Namku Iruvar
Episode - 171,https://raw.githubusercontent.com/pravanjam/TamilSerialz/master/NoPic.jpg,plugin://plugin.video.dailymotion_com/?url=k7gRr5E5bt3JwQsmODW&mode=playVideo,Naam Iruvar Namku Iruvar
Episode - 170,https://raw.githubusercontent.com/pravanjam/TamilSerialz/master/NoPic.jpg,plugin://plugin.video.dailymotion_com/?url=k1vqmMNVPoNfS3smpKf&mode=playVideo,Naam Iruvar Namku Iruvar
Episode - 169,https://raw.githubusercontent.com/pravanjam/TamilSerialz/master/NoPic.jpg,plugin://plugin.video.dailymotion_com/?url=kCmTBIgXeOJ7E0sm1dn&mode=playVideo,Naam Iruvar Namku Iruvar
Episode - 168,https://raw.githubusercontent.com/pravanjam/TamilSerialz/master/NoPic.jpg,plugin://plugin.video.dailymotion_com/?url=k6Tue2Y4s4DUwaskWcA&mode=playVideo,Naam Iruvar Namku Iruvar
Episode - 167,https://raw.githubusercontent.com/pravanjam/TamilSerialz/master/NoPic.jpg,plugin://plugin.video.dailymotion_com/?url=k1DEbVX7IBAjGcskxEL&mode=playVideo,Naam Iruvar Namku Iruvar
Episode - 166,https://raw.githubusercontent.com/pravanjam/TamilSerialz/master/NoPic.jpg,plugin://plugin.video.dailymotion_com/?url=k3TizhRrHavzNKsk6op&mode=playVideo,Naam Iruvar Namku Iruvar
Episode - 165,https://raw.githubusercontent.com/pravanjam/TamilSerialz/master/NoPic.jpg,plugin://plugin.video.dailymotion_com/?url=k4R2Hhx8hDcQGHsjL8t&mode=playVideo,Naam Iruvar Namku Iruvar
Episode - 164,https://raw.githubusercontent.com/pravanjam/TamilSerialz/master/NoPic.jpg,plugin://plugin.video.dailymotion_com/?url=k52XAr3BCaWkg9sjkIj&mode=playVideo,Naam Iruvar Namku Iruvar
Episode - 163,https://raw.githubusercontent.com/pravanjam/TamilSerialz/master/NoPic.jpg,plugin://plugin.video.dailymotion_com/?url=koPz4OgmADMn9dsinsH&mode=playVideo,Naam Iruvar Namku Iruvar
Episode - 162,https://raw.githubusercontent.com/pravanjam/TamilSerialz/master/NoPic.jpg,plugin://plugin.video.dailymotion_com/?url=x6wuwry&mode=playVideo,Naam Iruvar Namku Iruvar
Episode - 161,https://raw.githubusercontent.com/pravanjam/TamilSerialz/master/NoPic.jpg,plugin://plugin.video.dailymotion_com/?url=x6wsxod&mode=playVideo,Naam Iruvar Namku Iruvar
Episode - 160,https://raw.githubusercontent.com/pravanjam/TamilSerialz/master/NoPic.jpg,plugin://plugin.video.dailymotion_com/?url=k403vx4mbGf96SsgMsX&mode=playVideo,Naam Iruvar Namku Iruvar
Episode - 159,https://raw.githubusercontent.com/pravanjam/TamilSerialz/master/NoPic.jpg,plugin://plugin.video.dailymotion_com/?url=k6C3wXhlXpZFzusfSB4&mode=playVideo,Naam Iruvar Namku Iruvar
Episode - 158,https://raw.githubusercontent.com/pravanjam/TamilSerialz/master/NoPic.jpg,plugin://plugin.video.dailymotion_com/?url=k5cKefRuZ0tLeosfx63&mode=playVideo,Naam Iruvar Namku Iruvar
Episode - 157,https://raw.githubusercontent.com/pravanjam/TamilSerialz/master/NoPic.jpg,plugin://plugin.video.dailymotion_com/?url=k2Po9XEF7XwFlUsfa6v&mode=playVideo,Naam Iruvar Namku Iruvar
Episode - 156,https://raw.githubusercontent.com/pravanjam/TamilSerialz/master/NoPic.jpg,plugin://plugin.video.dailymotion_com/?url=k275HYrGJMpqG3seS1W&mode=playVideo,Naam Iruvar Namku Iruvar
Episode - 155,https://raw.githubusercontent.com/pravanjam/TamilSerialz/master/NoPic.jpg,plugin://plugin.video.dailymotion_com/?url=k1TSAKHBK8KyGasetvh&mode=playVideo,Naam Iruvar Namku Iruvar
Episode - 153,https://raw.githubusercontent.com/pravanjam/TamilSerialz/master/NoPic.jpg,plugin://plugin.video.dailymotion_com/?url=k5M9xaYUXC6arfscNUL&mode=playVideo,Naam Iruvar Namku Iruvar
Episode - 152,https://raw.githubusercontent.com/pravanjam/TamilSerialz/master/NoPic.jpg,plugin://plugin.video.dailymotion_com/?url=k6DxWFSagQQ6iLschid&mode=playVideo,Naam Iruvar Namku Iruvar
Episode - 151,https://raw.githubusercontent.com/pravanjam/TamilSerialz/master/NoPic.jpg,plugin://plugin.video.dailymotion_com/?url=k6rB79U8Bh7XixsbJGx&mode=playVideo,Naam Iruvar Namku Iruvar
Episode - 150,https://raw.githubusercontent.com/pravanjam/TamilSerialz/master/NoPic.jpg,plugin://plugin.video.dailymotion_com/?url=k1CWzJibsC2orDsbiUh&mode=playVideo,Naam Iruvar Namku Iruvar
Episode - 149,https://raw.githubusercontent.com/pravanjam/TamilSerialz/master/NoPic.jpg,plugin://plugin.video.dailymotion_com/?url=k2ebPggLLMNEbusa8Wa&mode=playVideo,Naam Iruvar Namku Iruvar
Episode - 148,https://raw.githubusercontent.com/pravanjam/TamilSerialz/master/NoPic.jpg,plugin://plugin.video.dailymotion_com/?url=k5NrAcNKpaCygns9J5m&mode=playVideo,Naam Iruvar Namku Iruvar
Episode - 147,https://raw.githubusercontent.com/pravanjam/TamilSerialz/master/NoPic.jpg,plugin://plugin.video.dailymotion_com/?url=k7MJzBHkO2x8F2s9eCj&mode=playVideo,Naam Iruvar Namku Iruvar
Episode - 146,https://raw.githubusercontent.com/pravanjam/TamilSerialz/master/NoPic.jpg,plugin://plugin.video.dailymotion_com/?url=k3h8WQBXW927r5s8QPz&mode=playVideo,Naam Iruvar Namku Iruvar
Episode - 145,https://raw.githubusercontent.com/pravanjam/TamilSerialz/master/NoPic.jpg,plugin://plugin.video.dailymotion_com/?url=kvFOLaSPy4MAQSs8n8P&mode=playVideo,Naam Iruvar Namku Iruvar
Episode - 144,https://raw.githubusercontent.com/pravanjam/TamilSerialz/master/NoPic.jpg,plugin://plugin.video.dailymotion_com/?url=k20troRNHxEmZMs7a1I&mode=playVideo,Naam Iruvar Namku Iruvar
Episode - 143,https://raw.githubusercontent.com/pravanjam/TamilSerialz/master/NoPic.jpg,plugin://plugin.video.dailymotion_com/?url=k5YhyUYung8tfcs6DOn&mode=playVideo,Naam Iruvar Namku Iruvar
Episode - 142,https://raw.githubusercontent.com/pravanjam/TamilSerialz/master/NoPic.jpg,plugin://plugin.video.dailymotion_com/?url=k1YFl8V82P0XLEs6dQX&mode=playVideo,Naam Iruvar Namku Iruvar
Episode - 141,https://raw.githubusercontent.com/pravanjam/TamilSerialz/master/NoPic.jpg,plugin://plugin.video.dailymotion_com/?url=k5AMpRpW5rU3hzs5MuR&mode=playVideo,Naam Iruvar Namku Iruvar
Episode - 140,https://raw.githubusercontent.com/pravanjam/TamilSerialz/master/NoPic.jpg,plugin://plugin.video.dailymotion_com/?url=k2lTix7Laru23rs5jUO&mode=playVideo,Naam Iruvar Namku Iruvar
Episode - 139,https://raw.githubusercontent.com/pravanjam/TamilSerialz/master/NoPic.jpg,plugin://plugin.video.dailymotion_com/?url=k59wYFZoghVrz0s3TnY&mode=playVideo,Naam Iruvar Namku Iruvar
Episode - 138,https://raw.githubusercontent.com/pravanjam/TamilSerialz/master/NoPic.jpg,plugin://plugin.video.dailymotion_com/?url=k3EHroPjOQrpays3aJd&mode=playVideo,Naam Iruvar Namku Iruvar
Episode - 137,https://raw.githubusercontent.com/pravanjam/TamilSerialz/master/NoPic.jpg,plugin://plugin.video.dailymotion_com/?url=k59OVyspJMeAuds2p7u&mode=playVideo,Naam Iruvar Namku Iruvar
Episode - 135,https://raw.githubusercontent.com/pravanjam/TamilSerialz/master/NoPic.jpg,plugin://plugin.video.dailymotion_com/?url=k3l3c2aO9REzsLs1y0A&mode=playVideo,Naam Iruvar Namku Iruvar
Episode - 134,https://raw.githubusercontent.com/pravanjam/TamilSerialz/master/NoPic.jpg,plugin://plugin.video.dailymotion_com/?url=k2gRMTlHLYRCjYs0ykB&mode=playVideo,Naam Iruvar Namku Iruvar
Episode - 133,https://raw.githubusercontent.com/pravanjam/TamilSerialz/master/NoPic.jpg,plugin://plugin.video.dailymotion_com/?url=k3r5FZxLhHlbwVs0aQh&mode=playVideo,Naam Iruvar Namku Iruvar
Episode - 132,https://raw.githubusercontent.com/pravanjam/TamilSerialz/master/NoPic.jpg,plugin://plugin.video.dailymotion_com/?url=k4NwL199DGnQpArZIF9&mode=playVideo,Naam Iruvar Namku Iruvar
Episode - 131,https://raw.githubusercontent.com/pravanjam/TamilSerialz/master/NoPic.jpg,plugin://plugin.video.dailymotion_com/?url=k40t1vI69gAHCcrZfDF&mode=playVideo,Naam Iruvar Namku Iruvar
Episode - 130,https://raw.githubusercontent.com/pravanjam/TamilSerialz/master/NoPic.jpg,plugin://plugin.video.dailymotion_com/?url=k6SW4YfAt2QyqFrYQUe&mode=playVideo,Naam Iruvar Namku Iruvar
Episode - 129,https://raw.githubusercontent.com/pravanjam/TamilSerialz/master/NoPic.jpg,plugin://plugin.video.dailymotion_com/?url=k66JUQrrN3CSjTrXLbC&mode=playVideo,Naam Iruvar Namku Iruvar
Episode - 128,https://raw.githubusercontent.com/pravanjam/TamilSerialz/master/NoPic.jpg,plugin://plugin.video.dailymotion_com/?url=k6JpoiMsA0MLlzrXe4B&mode=playVideo,Naam Iruvar Namku Iruvar
Episode - 127,https://raw.githubusercontent.com/pravanjam/TamilSerialz/master/NoPic.jpg,plugin://plugin.video.dailymotion_com/?url=k2wYF0MXf2pOTXrWN5b&mode=playVideo,Naam Iruvar Namku Iruvar
Episode - 341,https://raw.githubusercontent.com/pravanjam/TamilSerialz/master/NoPic.jpg,plugin://plugin.video.dailymotion_com/?url=k63UHW1DkPLwUErWnvF&mode=playVideo,Naam Iruvar Namku Iruvar
Episode - 126,https://raw.githubusercontent.com/pravanjam/TamilSerialz/master/NoPic.jpg,plugin://plugin.video.dailymotion_com/?url=k7w2yva4CghMPxrWnYH&mode=playVideo,Naam Iruvar Namku Iruvar
Episode - 340,https://raw.githubusercontent.com/pravanjam/TamilSerialz/master/NoPic.jpg,plugin://plugin.video.dailymotion_com/?url=k1agrzdp7u8iXirW2ZG&mode=playVideo,Naam Iruvar Namku Iruvar
Episode - 125,https://raw.githubusercontent.com/pravanjam/TamilSerialz/master/NoPic.jpg,plugin://plugin.video.dailymotion_com/?url=k4XUbYw8JmxDV9rW2ZC&mode=playVideo,Naam Iruvar Namku Iruvar
Episode - 124,https://raw.githubusercontent.com/pravanjam/TamilSerialz/master/NoPic.jpg,plugin://plugin.video.dailymotion_com/?url=x6tly6j&mode=playVideo,Naam Iruvar Namku Iruvar
Episode - 123,https://raw.githubusercontent.com/pravanjam/TamilSerialz/master/NoPic.jpg,plugin://plugin.video.dailymotion_com/?url=k6tL2OOVGpIgkJrUGqi&mode=playVideo,Naam Iruvar Namku Iruvar
Episode - 122,https://raw.githubusercontent.com/pravanjam/TamilSerialz/master/NoPic.jpg,plugin://plugin.video.dailymotion_com/?url=k64Sexf7k0cpM6rUeGj&mode=playVideo,Naam Iruvar Namku Iruvar
Episode - 121,https://raw.githubusercontent.com/pravanjam/TamilSerialz/master/NoPic.jpg,plugin://plugin.video.dailymotion_com/?url=k37mSWaBr3Xq6MrTSlr&mode=playVideo,Naam Iruvar Namku Iruvar
Episode - 120,https://raw.githubusercontent.com/pravanjam/TamilSerialz/master/NoPic.jpg,plugin://plugin.video.dailymotion_com/?url=k160rrKX5X2gQirTwBX&mode=playVideo,Naam Iruvar Namku Iruvar
Episode - 119,https://raw.githubusercontent.com/pravanjam/TamilSerialz/master/NoPic.jpg,plugin://plugin.video.dailymotion_com/?url=k6b01qLlDApipKrSwFE&mode=playVideo,Naam Iruvar Namku Iruvar
Episode - 118,https://raw.githubusercontent.com/pravanjam/TamilSerialz/master/NoPic.jpg,plugin://plugin.video.dailymotion_com/?url=k8T8dIyJrZWPL5rS73L&mode=playVideo,Naam Iruvar Namku Iruvar
Episode - 117,https://raw.githubusercontent.com/pravanjam/TamilSerialz/master/NoPic.jpg,plugin://plugin.video.dailymotion_com/?url=k3JN6IEeGfCdwmrRHku&mode=playVideo,Naam Iruvar Namku Iruvar
Episode - 116,https://raw.githubusercontent.com/pravanjam/TamilSerialz/master/NoPic.jpg,plugin://plugin.video.dailymotion_com/?url=kplymRF6LRj3cHrRoTQ&mode=playVideo,Naam Iruvar Namku Iruvar
Episode - 115,https://raw.githubusercontent.com/pravanjam/TamilSerialz/master/NoPic.jpg,plugin://plugin.video.dailymotion_com/?url=k66btXPGT8tzFbrR1l5&mode=playVideo,Naam Iruvar Namku Iruvar
Episode - 114,https://raw.githubusercontent.com/pravanjam/TamilSerialz/master/NoPic.jpg,plugin://plugin.video.dailymotion_com/?url=k78ED7yXEoKq9RrQdQ2&mode=playVideo,Naam Iruvar Namku Iruvar
Episode - 113,https://raw.githubusercontent.com/pravanjam/TamilSerialz/master/NoPic.jpg,plugin://plugin.video.dailymotion_com/?url=k1o9oPAFqIcloIrPSx0&mode=playVideo,Naam Iruvar Namku Iruvar
Episode - 112,https://raw.githubusercontent.com/pravanjam/TamilSerialz/master/NoPic.jpg,plugin://plugin.video.dailymotion_com/?url=k3XBE912rxs4LQrP191&mode=playVideo,Naam Iruvar Namku Iruvar
Episode - 111,https://raw.githubusercontent.com/pravanjam/TamilSerialz/master/NoPic.jpg,plugin://plugin.video.dailymotion_com/?url=k1hFJSEl9tRAATrOy85&mode=playVideo,Naam Iruvar Namku Iruvar
Episode - 110,https://raw.githubusercontent.com/pravanjam/TamilSerialz/master/NoPic.jpg,plugin://plugin.video.dailymotion_com/?url=k7wPWB0IihwJ5crNxkO&mode=playVideo,Naam Iruvar Namku Iruvar
Episode - 109,https://raw.githubusercontent.com/pravanjam/TamilSerialz/master/NoPic.jpg,plugin://plugin.video.dailymotion_com/?url=k2cjjg3FuL1cdHrNawz&mode=playVideo,Naam Iruvar Namku Iruvar
Episode - 108,https://raw.githubusercontent.com/pravanjam/TamilSerialz/master/NoPic.jpg,plugin://plugin.video.dailymotion_com/?url=k2OzWFUXZXBgyVrMF93&mode=playVideo,Naam Iruvar Namku Iruvar
Episode - 107,https://raw.githubusercontent.com/pravanjam/TamilSerialz/master/NoPic.jpg,plugin://plugin.video.dailymotion_com/?url=k2aiYUSjS5rlcZrMlUW&mode=playVideo,Naam Iruvar Namku Iruvar
Episode - 106,https://raw.githubusercontent.com/pravanjam/TamilSerialz/master/NoPic.jpg,plugin://plugin.video.dailymotion_com/?url=k4hgxgdx7Kz8CSrLWqw&mode=playVideo,Naam Iruvar Namku Iruvar
Episode - 105,https://raw.githubusercontent.com/pravanjam/TamilSerialz/master/NoPic.jpg,plugin://plugin.video.dailymotion_com/?url=k5J54v4SGIJNuKrKDUF&mode=playVideo,Naam Iruvar Namku Iruvar
Episode - 104,https://raw.githubusercontent.com/pravanjam/TamilSerialz/master/NoPic.jpg,plugin://plugin.video.dailymotion_com/?url=k1fEus5vu6Zy2yrKjYf&mode=playVideo,Naam Iruvar Namku Iruvar
Episode - 103,https://raw.githubusercontent.com/pravanjam/TamilSerialz/master/NoPic.jpg,plugin://plugin.video.dailymotion_com/?url=k2lBpU9Fz9jdNdrJZdg&mode=playVideo,Naam Iruvar Namku Iruvar
Episode - 102,https://raw.githubusercontent.com/pravanjam/TamilSerialz/master/NoPic.jpg,plugin://plugin.video.dailymotion_com/?url=k3AUFeQ0tgp287rJwvr&mode=playVideo,Naam Iruvar Namku Iruvar
Episode - 101,https://raw.githubusercontent.com/pravanjam/TamilSerialz/master/NoPic.jpg,plugin://plugin.video.dailymotion_com/?url=k3H2IimRCEDq0qrJaRM&mode=playVideo,Naam Iruvar Namku Iruvar
Episode - 100,https://raw.githubusercontent.com/pravanjam/TamilSerialz/master/NoPic.jpg,plugin://plugin.video.dailymotion_com/?url=kmeVvAPlstu9uPrIghp&mode=playVideo,Naam Iruvar Namku Iruvar
Episode - 99,https://raw.githubusercontent.com/pravanjam/TamilSerialz/master/NoPic.jpg,plugin://plugin.video.dailymotion_com/?url=k6c2xLnuHwK95hrHQjX&mode=playVideo,Naam Iruvar Namku Iruvar
Episode - 98,https://raw.githubusercontent.com/pravanjam/TamilSerialz/master/NoPic.jpg,plugin://plugin.video.dailymotion_com/?url=k7cVUeFeWn3JfXrH4v0&mode=playVideo,Naam Iruvar Namku Iruvar
Episode - 97,https://raw.githubusercontent.com/pravanjam/TamilSerialz/master/NoPic.jpg,plugin://plugin.video.dailymotion_com/?url=k5NlCYrDQdQrvArGQdF&mode=playVideo,Naam Iruvar Namku Iruvar
Episode - 96,https://raw.githubusercontent.com/pravanjam/TamilSerialz/master/NoPic.jpg,plugin://plugin.video.dailymotion_com/?url=k6Emsk6heFJaKorGq7s&mode=playVideo,Naam Iruvar Namku Iruvar
Episode - 95,https://raw.githubusercontent.com/pravanjam/TamilSerialz/master/NoPic.jpg,plugin://plugin.video.dailymotion_com/?url=k1Pu3vDWDptUICrF9za&mode=playVideo,Naam Iruvar Namku Iruvar
Episode - 94,https://raw.githubusercontent.com/pravanjam/TamilSerialz/master/NoPic.jpg,plugin://plugin.video.dailymotion_com/?url=k3cEuqrfE6WwZyrEmAl&mode=playVideo,Naam Iruvar Namku Iruvar
Episode - 93,https://raw.githubusercontent.com/pravanjam/TamilSerialz/master/NoPic.jpg,plugin://plugin.video.dailymotion_com/?url=k2dWvTGTEdHJ2wrDgN0&mode=playVideo,Naam Iruvar Namku Iruvar
Episode - 92,https://raw.githubusercontent.com/pravanjam/TamilSerialz/master/NoPic.jpg,plugin://plugin.video.dailymotion_com/?url=k1CJifAXYTUQxArCpJH&mode=playVideo,Naam Iruvar Namku Iruvar
Episode - 91,https://raw.githubusercontent.com/pravanjam/TamilSerialz/master/NoPic.jpg,plugin://plugin.video.dailymotion_com/?url=k40bhK3bOCZqVNrBoIk&mode=playVideo,Naam Iruvar Namku Iruvar
Episode - 90,https://raw.githubusercontent.com/pravanjam/TamilSerialz/master/NoPic.jpg,plugin://plugin.video.dailymotion_com/?url=k6vDDn1elZ29NCryDNw&mode=playVideo,Naam Iruvar Namku Iruvar
Episode - 89,https://raw.githubusercontent.com/pravanjam/TamilSerialz/master/NoPic.jpg,plugin://plugin.video.dailymotion_com/?url=k4VBvpv7WR0mY8rxCx0&mode=playVideo,Naam Iruvar Namku Iruvar
Episode - 88,https://raw.githubusercontent.com/pravanjam/TamilSerialz/master/NoPic.jpg,plugin://plugin.video.dailymotion_com/?url=k1HeChjdww3y5ArwNoF&mode=playVideo,Naam Iruvar Namku Iruvar
Episode - 87,https://raw.githubusercontent.com/pravanjam/TamilSerialz/master/NoPic.jpg,plugin://plugin.video.dailymotion_com/?url=k3SJYdHUaHsLeUrvQtC&mode=playVideo,Naam Iruvar Namku Iruvar
Episode - 86,https://raw.githubusercontent.com/pravanjam/TamilSerialz/master/NoPic.jpg,plugin://plugin.video.dailymotion_com/?url=k56lVNHD6qqwZFrvaqO&mode=playVideo,Naam Iruvar Namku Iruvar
Episode - 85,https://raw.githubusercontent.com/pravanjam/TamilSerialz/master/NoPic.jpg,plugin://plugin.video.dailymotion_com/?url=k1wrRFiq4DS8XersXYQ&mode=playVideo,Naam Iruvar Namku Iruvar
Episode - 84,https://raw.githubusercontent.com/pravanjam/TamilSerialz/master/NoPic.jpg,plugin://plugin.video.dailymotion_com/?url=k2cOAOoCSgdpx1rs1Ao&mode=playVideo,Naam Iruvar Namku Iruvar
Episode - 83,https://raw.githubusercontent.com/pravanjam/TamilSerialz/master/NoPic.jpg,plugin://plugin.video.dailymotion_com/?url=kDBZonBUwN6vfRrr668&mode=playVideo,Naam Iruvar Namku Iruvar
Episode - 82,https://raw.githubusercontent.com/pravanjam/TamilSerialz/master/NoPic.jpg,plugin://plugin.video.dailymotion_com/?url=k6buo9HSxEuxJrrpMsv&mode=playVideo,Naam Iruvar Namku Iruvar
Episode - 81,https://raw.githubusercontent.com/pravanjam/TamilSerialz/master/NoPic.jpg,plugin://plugin.video.dailymotion_com/?url=kf5yWjCGOnJGFirouwE&mode=playVideo,Naam Iruvar Namku Iruvar
Episode - 80,https://raw.githubusercontent.com/pravanjam/TamilSerialz/master/NoPic.jpg,plugin://plugin.video.dailymotion_com/?url=k15uv5f1sBQlCurlSpg&mode=playVideo,Naam Iruvar Namku Iruvar
Episode - 79,https://raw.githubusercontent.com/pravanjam/TamilSerialz/master/NoPic.jpg,plugin://plugin.video.dailymotion_com/?url=k1epr304rztoEfrkvn1&mode=playVideo,Naam Iruvar Namku Iruvar
Episode - 78,https://raw.githubusercontent.com/pravanjam/TamilSerialz/master/NoPic.jpg,plugin://plugin.video.dailymotion_com/?url=k70gQSuRfFu4knrjWeX&mode=playVideo,Naam Iruvar Namku Iruvar
Episode - 77,https://raw.githubusercontent.com/pravanjam/TamilSerialz/master/NoPic.jpg,plugin://plugin.video.dailymotion_com/?url=k8s28muqti1v7brj50s&mode=playVideo,Naam Iruvar Namku Iruvar
Episode - 76,https://raw.githubusercontent.com/pravanjam/TamilSerialz/master/NoPic.jpg,plugin://plugin.video.dailymotion_com/?url=kDPwvQ9l3lXZJqricrw&mode=playVideo,Naam Iruvar Namku Iruvar
Episode - 75,https://raw.githubusercontent.com/pravanjam/TamilSerialz/master/NoPic.jpg,plugin://plugin.video.dailymotion_com/?url=k6c2bbxN4BfGF6rfVVm&mode=playVideo,Naam Iruvar Namku Iruvar
Episode - 74,https://raw.githubusercontent.com/pravanjam/TamilSerialz/master/NoPic.jpg,plugin://plugin.video.dailymotion_com/?url=k1wV5a4AecKlCBrfuxK&mode=playVideo,Naam Iruvar Namku Iruvar
Episode - 73,https://raw.githubusercontent.com/pravanjam/TamilSerialz/master/NoPic.jpg,plugin://plugin.video.dailymotion_com/?url=kBuVWbEWRvCvFkreH6O&mode=playVideo,Naam Iruvar Namku Iruvar
Episode - 72,https://raw.githubusercontent.com/pravanjam/TamilSerialz/master/NoPic.jpg,plugin://plugin.video.dailymotion_com/?url=k7kO9AxBrQnOmire4dQ&mode=playVideo,Naam Iruvar Namku Iruvar
Episode - 71,https://raw.githubusercontent.com/pravanjam/TamilSerialz/master/NoPic.jpg,plugin://plugin.video.dailymotion_com/?url=k2J0u6SQLwrUFnrdpsv&mode=playVideo,Naam Iruvar Namku Iruvar
Episode - 70,https://raw.githubusercontent.com/pravanjam/TamilSerialz/master/NoPic.jpg,plugin://plugin.video.dailymotion_com/?url=k6TwHg7p3cFAyurbBYz&mode=playVideo,Naam Iruvar Namku Iruvar
Episode - 69,https://raw.githubusercontent.com/pravanjam/TamilSerialz/master/NoPic.jpg,plugin://plugin.video.dailymotion_com/?url=k3kg3bS03wMnXUraOfX&mode=playVideo,Naam Iruvar Namku Iruvar
Episode - 68,https://raw.githubusercontent.com/pravanjam/TamilSerialz/master/NoPic.jpg,plugin://plugin.video.dailymotion_com/?url=k327QukPPZsClnr9Zdi&mode=playVideo,Naam Iruvar Namku Iruvar
Episode - 67,https://raw.githubusercontent.com/pravanjam/TamilSerialz/master/NoPic.jpg,plugin://plugin.video.dailymotion_com/?url=k5waHxX83m870gr9nYs&mode=playVideo,Naam Iruvar Namku Iruvar
Episode - 66,https://raw.githubusercontent.com/pravanjam/TamilSerialz/master/NoPic.jpg,plugin://plugin.video.dailymotion_com/?url=k2mWoCDRBCjAAgr8Ho8&mode=playVideo,Naam Iruvar Namku Iruvar
Episode - 65,https://raw.githubusercontent.com/pravanjam/TamilSerialz/master/NoPic.jpg,plugin://plugin.video.dailymotion_com/?url=k7IUyf8jmmyo4Zr6ZSa&mode=playVideo,Naam Iruvar Namku Iruvar
Episode - 64,https://raw.githubusercontent.com/pravanjam/TamilSerialz/master/NoPic.jpg,plugin://plugin.video.dailymotion_com/?url=k23e3uVTcMboAyr6lI1&mode=playVideo,Naam Iruvar Namku Iruvar
Episode - 63,https://raw.githubusercontent.com/pravanjam/TamilSerialz/master/NoPic.jpg,plugin://plugin.video.dailymotion_com/?url=k5hqf7Ed3lgzV2r5BSs&mode=playVideo,Naam Iruvar Namku Iruvar
Episode - 62,https://raw.githubusercontent.com/pravanjam/TamilSerialz/master/NoPic.jpg,plugin://plugin.video.dailymotion_com/?url=k1k8AE1gkCHxuEr5esQ&mode=playVideo,Naam Iruvar Namku Iruvar
Episode - 61,https://raw.githubusercontent.com/pravanjam/TamilSerialz/master/NoPic.jpg,plugin://plugin.video.dailymotion_com/?url=k3KzuOARSwHqIur4FLR&mode=playVideo,Naam Iruvar Namku Iruvar
Episode - 60,https://raw.githubusercontent.com/pravanjam/TamilSerialz/master/NoPic.jpg,plugin://plugin.video.dailymotion_com/?url=k5JJTxWpzLEzojr39Fp&mode=playVideo,Naam Iruvar Namku Iruvar
Episode - 59,https://raw.githubusercontent.com/pravanjam/TamilSerialz/master/NoPic.jpg,plugin://plugin.video.dailymotion_com/?url=k6fj1RJas842Hsr2Elj&mode=playVideo,Naam Iruvar Namku Iruvar
Episode - 58,https://raw.githubusercontent.com/pravanjam/TamilSerialz/master/NoPic.jpg,plugin://plugin.video.dailymotion_com/?url=k5OdDHBR0YauQMr24As&mode=playVideo,Naam Iruvar Namku Iruvar
Episode - 56,https://raw.githubusercontent.com/pravanjam/TamilSerialz/master/NoPic.jpg,plugin://plugin.video.dailymotion_com/?url=kbjMJ8lDa584err0NHE&mode=playVideo,Naam Iruvar Namku Iruvar
Episode - 55,https://raw.githubusercontent.com/pravanjam/TamilSerialz/master/NoPic.jpg,plugin://plugin.video.dailymotion_com/?url=k5zHs1dBaNTQVyqZ72s&mode=playVideo,Naam Iruvar Namku Iruvar
Episode - 54,https://raw.githubusercontent.com/pravanjam/TamilSerialz/master/NoPic.jpg,plugin://plugin.video.dailymotion_com/?url=k7eoBlLa5ygYqIqYwFS&mode=playVideo,Naam Iruvar Namku Iruvar
Episode - 52,https://raw.githubusercontent.com/pravanjam/TamilSerialz/master/NoPic.jpg,plugin://plugin.video.dailymotion_com/?url=k6kgT2BBlsehKBqXhBS&mode=playVideo,Naam Iruvar Namku Iruvar
Episode - 51,https://raw.githubusercontent.com/pravanjam/TamilSerialz/master/NoPic.jpg,plugin://plugin.video.dailymotion_com/?url=k5DtNzhPK42ZkYqWFUf&mode=playVideo,Naam Iruvar Namku Iruvar
Episode - 50,https://raw.githubusercontent.com/pravanjam/TamilSerialz/master/NoPic.jpg,plugin://plugin.video.dailymotion_com/?url=k6MDrOIos4sF8SqV9t9&mode=playVideo,Naam Iruvar Namku Iruvar
Episode - 49,https://raw.githubusercontent.com/pravanjam/TamilSerialz/master/NoPic.jpg,plugin://plugin.video.dailymotion_com/?url=k6hNYA8apsweagqUE62&mode=playVideo,Naam Iruvar Namku Iruvar
Episode - 26,https://raw.githubusercontent.com/pravanjam/TamilSerialz/master/NoPic.jpg,plugin://plugin.video.dailymotion_com/?url=k6BQSV7QBE2NcrqFXRI&mode=playVideo,Naam Iruvar Namku Iruvar
Episode - 24,https://raw.githubusercontent.com/pravanjam/TamilSerialz/master/NoPic.jpg,plugin://plugin.video.dailymotion_com/?url=k6HEMLxsJ1BLcoqEtgG&mode=playVideo,Naam Iruvar Namku Iruvar
Episode - 22,https://raw.githubusercontent.com/pravanjam/TamilSerialz/master/NoPic.jpg,plugin://plugin.video.dailymotion_com/?url=k26zHWMGEbwjWRqDz4N&mode=playVideo,Naam Iruvar Namku Iruvar
Episode - 20,https://raw.githubusercontent.com/pravanjam/TamilSerialz/master/NoPic.jpg,plugin://plugin.video.dailymotion_com/?url=k76HWWHwsaLAeuqCdxP&mode=playVideo,Naam Iruvar Namku Iruvar
Episode - 19,https://raw.githubusercontent.com/pravanjam/TamilSerialz/master/NoPic.jpg,plugin://plugin.video.dailymotion_com/?url=k5Nrf5irOPetT7qBPj6&mode=playVideo,Naam Iruvar Namku Iruvar
Episode - 18,https://raw.githubusercontent.com/pravanjam/TamilSerialz/master/NoPic.jpg,plugin://plugin.video.dailymotion_com/?url=k1Q6SxXroNaUHyqBlrY&mode=playVideo,Naam Iruvar Namku Iruvar
Episode - 17,https://raw.githubusercontent.com/pravanjam/TamilSerialz/master/NoPic.jpg,plugin://plugin.video.dailymotion_com/?url=k4gVUi8R9qyoRNqB6yP&mode=playVideo,Naam Iruvar Namku Iruvar
Episode - 16,https://raw.githubusercontent.com/pravanjam/TamilSerialz/master/NoPic.jpg,plugin://plugin.video.dailymotion_com/?url=k25TZKega5IonHqAI3O&mode=playVideo,Naam Iruvar Namku Iruvar
Episode - 14,https://raw.githubusercontent.com/pravanjam/TamilSerialz/master/NoPic.jpg,plugin://plugin.video.dailymotion_com/?url=k3XffHi6deHeO9qzaXY&mode=playVideo,Naam Iruvar Namku Iruvar
Episode - 13,https://raw.githubusercontent.com/pravanjam/TamilSerialz/master/NoPic.jpg,plugin://plugin.video.dailymotion_com/?url=k6tgjF9BTVsr5LqyLvF&mode=playVideo,Naam Iruvar Namku Iruvar
Episode - 07,https://raw.githubusercontent.com/pravanjam/TamilSerialz/master/NoPic.jpg,plugin://plugin.video.dailymotion_com/?url=ktA4ubYzslK6PQqw0R9&mode=playVideo,Naam Iruvar Namku Iruvar
Episode - 06,https://raw.githubusercontent.com/pravanjam/TamilSerialz/master/NoPic.jpg,plugin://plugin.video.dailymotion_com/?url=k3L2aZ0PzHsDSnqvF6z&mode=playVideo,Naam Iruvar Namku Iruvar
Episode - 05,https://raw.githubusercontent.com/pravanjam/TamilSerialz/master/NoPic.jpg,plugin://plugin.video.dailymotion_com/?url=k4w2yBJVnENPFjquNnr&mode=playVideo,Naam Iruvar Namku Iruvar
Episode - 04,https://raw.githubusercontent.com/pravanjam/TamilSerialz/master/NoPic.jpg,plugin://plugin.video.dailymotion_com/?url=k21ohoviaptfcxquqo7&mode=playVideo,Naam Iruvar Namku Iruvar
Episode - 03,https://raw.githubusercontent.com/pravanjam/TamilSerialz/master/NoPic.jpg,plugin://plugin.video.dailymotion_com/?url=k1dPB33mMIJJFDqub8I&mode=playVideo,Naam Iruvar Namku Iruvar
Episode - 02,https://raw.githubusercontent.com/pravanjam/TamilSerialz/master/NoPic.jpg,plugin://plugin.video.dailymotion_com/?url=k2mIR8wntKo40iqtLbc&mode=playVideo,Naam Iruvar Namku Iruvar
Episode - 01,https://raw.githubusercontent.com/pravanjam/TamilSerialz/master/NoPic.jpg,plugin://plugin.video.dailymotion_com/?url=k71p6dq6F6CGmfqtk5p&mode=playVideo,Naam Iruvar Namku Iruvar
